{
  "model": "logistic_regression",
  "feature_names": [
    "is_flatpak",
    "is_snap",
    "has_desktop_file",
    "has_icon",
    "has_exec",
    "has_gui_category",
    "name_starts_lib",
    "name_ends_dev",
    "name_ends_doc",
    "name_ends_dbg",
    "name_ends_data",
    "name_starts_python",
    "name_starts_perl",
    "name_starts_ruby",
    "name_starts_fonts",
    "name_starts_golang",
    "name_starts_nodejs",
    "name_has_plugin",
    "name_has_common",
    "name_has_utils",
    "name_hyphen_count",
    "name_length_norm",
    "desc_has_library",
    "desc_has_daemon",
    "desc_has_plugin",
    "desc_has_development",
    "desc_has_binding",
    "desc_has_module",
    "desc_has_framework",
    "has_summary",
    "priority_required",
    "priority_important",
    "reverse_dependency_count",
    "has_polkit_policy",
    "has_etc_config",
    "has_systemd_service",
    "is_user_installed",
    "vendor_is_distro"
  ],
  "coef": [
    2.1651202884688967,
    4.4943503651141885,
    2.7488375284925697,
    2.7488375284925697,
    2.7488375284925697,
    0.39770205380014534,
    -4.15151142458776,
    -2.347715152046527,
    -1.7078714627189517,
    -0.49478619237994775,
    -0.8668463240271617,
    -2.862197848394621,
    0.018464818983282814,
    -0.8182069997990898,
    -0.11962059475786929,
    0.15782943441425543,
    1.0995892742625468,
    0.372391353462494,
    -0.25968162488642454,
    0.08810467763504093,
    -1.0227052527089173,
    0.31964919754156307,
    -3.6335656441180837,
    -0.11714525493997248,
    0.13942939682237213,
    -0.08736753683304412,
    -0.36137300953469625,
    0.40229546173832265,
    -0.08404941198558087,
    -2.172587119138845,
    0.024840754613881487,
    0.03808258849481956,
    -0.01528814733329266,
    -0.17840903337334266,
    0.02153370150222785,
    -0.17840903337334266,
    0.4290623588531204,
    0.021533701502215837
  ],
  "intercept": -5.871491729780975,
  "scaler_mean": [
    0.12285522574048631,
    0.10199859411445186,
    0.5113189762597053,
    0.5113189762597053,
    0.5113189762597053,
    0.3524459213343132,
    0.26638335942742114,
    0.11120874205195386,
    0.045140109275649425,
    0.0021248042943413105,
    0.015073329712112981,
    0.05319199923315334,
    0.005751349969645653,
    0.011750327507428828,
    0.004369428379716905,
    0.020049845033070262,
    0.04714509377895645,
    0.020265520656931973,
    0.0068137521168163085,
    0.008890628494743905,
    0.23313070940941188,
    0.4134230115992953,
    0.15868134325973735,
    0.004425344282199572,
    0.03937278333386587,
    0.06245007508706905,
    0.02415566987251174,
    0.04569128031440713,
    0.020728823848931207,
    0.8766814710675145,
    3.195194427580918e-05,
    0.0005751349969645653,
    0.058331070610933844,
    0.00028756749848228265,
    0.0008227625651020864,
    0.00028756749848228265,
    0.003155254497236157,
    0.0008227625651020864
  ],
  "scaler_scale": [
    0.3282709540131079,
    0.30264646192061084,
    0.49987186435764464,
    0.49987186435764464,
    0.49987186435764464,
    0.4777319267840351,
    0.4420670370521325,
    0.3143904542807652,
    0.20761136724686235,
    0.04604660140594208,
    0.12184467343106002,
    0.2244161546120895,
    0.07561925643102228,
    0.1077601842559468,
    0.06595708055528411,
    0.14017078421385407,
    0.2119491304808265,
    0.14090716564258662,
    0.0822637520349427,
    0.09387004431508877,
    0.21939751845983788,
    0.20625626997372046,
    0.3653786728319532,
    0.06637590383712817,
    0.19448024903922587,
    0.2419712032635486,
    0.1535323206548228,
    0.20881471982970792,
    0.14247504943227463,
    0.32880247771958776,
    0.00565251478097909,
    0.02397507490503992,
    0.1538015993072564,
    0.01695537682909791,
    0.028672035624757525,
    0.01695537682909791,
    0.05608296413613124,
    0.028672035624757525
  ],
  "threshold": 0.5,
  "version": "1.0"
}